ID,Instance,Study Type,Start Time,Start Index,End Time,End Index,True Transition Time
0,1,CPET,1.788840154899495,46,14.31072123919596,366,7.15536061959798
1,1,CPET,1.770302891257692,35,14.162423130061535,281,7.081211565030768
2,1,CPET,1.785269620958345,44,14.28215696766676,349,7.14107848383338
