ID,Instance,Study Type,Transition Time (min),Flattening Fraction,"O2-Pulse Response Ratio, time=min","O2-Pulse Response Ratio, time=nondimensional",O2-Pulse AUC (mL*min/beat),"O2-Pulse AUC, nondimensional time (mL/beat)"
0,1,CPET,7.946051453929922,0.49062499999999976,10.32407305908092,10.324073059080849,103.04824851316745,8.226882625861876
1,1,CPET,7.615832950994629,0.4715447154471543,8.975381370787584,8.97538137078752,101.92658486984385,8.215082019444193
2,1,CPET,7.657005025669966,0.46885245901639355,8.569051466640103,8.569051466640053,102.26872187137039,8.188901803239006
